<?xml version="1.0" encoding="utf-8"?>
<edmx:Edmx Version="4.0" xmlns:edmx="http://docs.oasis-open.org/odata/ns/edmx">
    <edmx:Reference Uri="../../catalogservice;v=2/Vocabularies(TechnicalName='%2FIWBEP%2FVOC_COMMON',Version='0001',SAP__Origin='')/$value">
        <edmx:Include Namespace="com.sap.vocabularies.Common.v1" Alias="Common"/>
    </edmx:Reference>
    <edmx:Reference Uri="../../catalogservice;v=2/Vocabularies(TechnicalName='%2FIWBEP%2FVOC_UI',Version='0001',SAP__Origin='')/$value">
        <edmx:Include Namespace="com.sap.vocabularies.UI.v1" Alias="UI"/>
    </edmx:Reference>
    <edmx:Reference Uri="../../catalogservice;v=2/Vocabularies(TechnicalName='%2FIWBEP%2FVOC_COMMUNICATION',Version='0001',SAP__Origin='')/$value">
        <edmx:Include Namespace="com.sap.vocabularies.Communication.v1" Alias="Communication"/>
    </edmx:Reference>
    <edmx:Reference Uri="../../catalogservice;v=2/Vocabularies(TechnicalName='%2FIWBEP%2FVOC_PERSONALDATA',Version='0001',SAP__Origin='')/$value">
        <edmx:Include Namespace="com.sap.vocabularies.PersonalData.v1" Alias="PersonalData"/>
    </edmx:Reference>
    <edmx:Reference Uri="../../catalogservice;v=2/Vocabularies(TechnicalName='%2FIWBEP%2FVOC_VALIDATION',Version='0001',SAP__Origin='')/$value">
        <edmx:Include Namespace="Org.OData.Validation.V1" Alias="Validation"/>
    </edmx:Reference>
    <edmx:Reference Uri="../../catalogservice;v=2/Vocabularies(TechnicalName='%2FIWBEP%2FVOC_ANALYTICS',Version='0001',SAP__Origin='')/$value">
        <edmx:Include Namespace="com.sap.vocabularies.Analytics.v1" Alias="Analytics"/>
    </edmx:Reference>
    <edmx:Reference Uri="../../catalogservice;v=2/Vocabularies(TechnicalName='%2FIWBEP%2FVOC_HTML5',Version='0001',SAP__Origin='')/$value">
        <edmx:Include Namespace="com.sap.vocabularies.HTML5.v1" Alias="HTML5"/>
    </edmx:Reference>
    <edmx:Reference Uri="../../catalogservice;v=2/Vocabularies(TechnicalName='%2FIWBEP%2FVOC_ODM',Version='0001',SAP__Origin='')/$value">
        <edmx:Include Namespace="com.sap.vocabularies.ODM.v1" Alias="SAP__ODM"/>
    </edmx:Reference>
    <edmx:Reference Uri="../../../sap/zui_rap_invoicelist_sbod2/$metadata">
        <edmx:Include Namespace="ZUI_RAP_INVOICELIST_SBOD2" Alias="SAP"/>
    </edmx:Reference>
    <edmx:DataServices>
        <Schema Namespace="zui_rap_invoicelist_sbod2_van.v1" xmlns="http://docs.oasis-open.org/odata/ns/edm">
            <Annotations Target="cds_zui_rap_invoicelist_sd.InvoiceListMainType/Reference">
                <Annotation Term="UI.HiddenFilter"/>
            </Annotations>
            <Annotations Target="cds_zui_rap_invoicelist_sd.InvoiceListMainType/InvoiceStatus">
                <Annotation Term="UI.HiddenFilter"/>
            </Annotations>
            <Annotations Target="cds_zui_rap_invoicelist_sd.InvoiceListMainType/CompanyCode">
                <Annotation Term="UI.HiddenFilter"/>
            </Annotations>
            <Annotations Target="cds_zui_rap_invoicelist_sd.InvoiceListMainType/CompanyCodeName">
                <Annotation Term="UI.HiddenFilter"/>
            </Annotations>
            <Annotations Target="cds_zui_rap_invoicelist_sd.InvoiceListMainType/InvoicingParty">
                <Annotation Term="UI.HiddenFilter"/>
            </Annotations>
            <Annotations Target="cds_zui_rap_invoicelist_sd.InvoiceListMainType/BusinessPartnerName">
                <Annotation Term="UI.HiddenFilter"/>
            </Annotations>
            <Annotations Target="cds_zui_rap_invoicelist_sd.InvoiceListMainType/PostingDate">
                <Annotation Term="UI.HiddenFilter"/>
            </Annotations>
            <Annotations Target="cds_zui_rap_invoicelist_sd.InvoiceListMainType/DocumentDate">
                <Annotation Term="UI.HiddenFilter"/>
            </Annotations>
            <Annotations Target="cds_zui_rap_invoicelist_sd.InvoiceListMainType/SupplierInvoice">
                <Annotation Term="UI.HiddenFilter"/>
            </Annotations>
            <Annotations Target="cds_zui_rap_invoicelist_sd.InvoiceListMainType/Amount">
                <Annotation Term="UI.HiddenFilter"/>
            </Annotations>
            <Annotations Target="cds_zui_rap_invoicelist_sd.InvoiceListMainType/Currency">
                <Annotation Term="UI.HiddenFilter"/>
            </Annotations>
            <Annotations Target="cds_zui_rap_invoicelist_sd.InvoiceListMainType/CreatedBy">
                <Annotation Term="UI.HiddenFilter"/>
            </Annotations>
            <Annotations Target="cds_zui_rap_invoicelist_sd.InvoiceListMainType/IndMe">
                <Annotation Term="UI.HiddenFilter"/>
            </Annotations>
            <Annotations Target="cds_zui_rap_invoicelist_sd.InvoiceListMainType">
                <Annotation Term="UI.Identification">
                    <Collection>
                        <Record Type="UI.DataField">
                            <PropertyValue Property="Value" Path="Reference"/>
                        </Record>
                        <Record Type="UI.DataField">
                            <PropertyValue Property="Value" Path="InvoiceStatus"/>
                        </Record>
                        <Record Type="UI.DataField">
                            <PropertyValue Property="Value" Path="CompanyCode"/>
                        </Record>
                        <Record Type="UI.DataField">
                            <PropertyValue Property="Value" Path="InvoicingParty"/>
                        </Record>
                        <Record Type="UI.DataField">
                            <PropertyValue Property="Value" Path="PostingDate"/>
                        </Record>
                        <Record Type="UI.DataField">
                            <PropertyValue Property="Value" Path="DocumentDate"/>
                        </Record>
                        <Record Type="UI.DataField">
                            <PropertyValue Property="Value" Path="SupplierInvoice"/>
                        </Record>
                        <Record Type="UI.DataField">
                            <PropertyValue Property="Value" Path="Amount"/>
                        </Record>
                        <Record Type="UI.DataField">
                            <PropertyValue Property="Value" Path="Supplierinvoiceuploaduuid"/>
                        </Record>
                        <Record Type="UI.DataField">
                            <PropertyValue Property="Value" Path="IdExcel"/>
                        </Record>
                        <Record Type="UI.DataField">
                            <PropertyValue Property="Value" Path="Currency"/>
                        </Record>
                        <Record Type="UI.DataField">
                            <PropertyValue Property="Value" Path="CompanyCodeName"/>
                        </Record>
                        <Record Type="UI.DataField">
                            <PropertyValue Property="Value" Path="FiscalYear"/>
                        </Record>
                        <Record Type="UI.DataField">
                            <PropertyValue Property="Value" Path="InvoiceStatusText"/>
                        </Record>
                        <Record Type="UI.DataField">
                            <PropertyValue Property="Value" Path="AccountingDocument"/>
                        </Record>
                        <Record Type="UI.DataField">
                            <PropertyValue Property="Value" Path="CodeSend"/>
                        </Record>
                        <Record Type="UI.DataField">
                            <PropertyValue Property="Value" Path="Messagesend"/>
                        </Record>
                        <Record Type="UI.DataField">
                            <PropertyValue Property="Value" Path="BusinessPartnerName"/>
                        </Record>
                        <Record Type="UI.DataField">
                            <PropertyValue Property="Value" Path="CreatedBy"/>
                        </Record>
                        <Record Type="UI.DataField">
                            <PropertyValue Property="Value" Path="IndMe"/>
                        </Record>
                    </Collection>
                </Annotation>
                <Annotation Term="UI.LineItem">
                    <Collection>
                        <Record Type="UI.DataField">
                            <PropertyValue Property="Value" Path="Reference"/>
                            <Annotation Term="UI.Importance" EnumMember="UI.ImportanceType/High"/>
                            <Annotation Term="HTML5.CssDefaults">
                                <Record>
                                    <PropertyValue Property="width" String="6rem"/>
                                </Record>
                            </Annotation>
                        </Record>
                        <Record Type="UI.DataField">
                            <PropertyValue Property="Value" Path="InvoiceStatus"/>
                            <Annotation Term="UI.Importance" EnumMember="UI.ImportanceType/High"/>
                            <Annotation Term="HTML5.CssDefaults">
                                <Record>
                                    <PropertyValue Property="width" String="6rem"/>
                                </Record>
                            </Annotation>
                        </Record>
                        <Record Type="UI.DataField">
                            <PropertyValue Property="Value" Path="CompanyCode"/>
                            <Annotation Term="UI.Importance" EnumMember="UI.ImportanceType/High"/>
                            <Annotation Term="HTML5.CssDefaults">
                                <Record>
                                    <PropertyValue Property="width" String="6rem"/>
                                </Record>
                            </Annotation>
                        </Record>
                        <Record Type="UI.DataField">
                            <PropertyValue Property="Value" Path="InvoicingParty"/>
                            <Annotation Term="UI.Importance" EnumMember="UI.ImportanceType/High"/>
                            <Annotation Term="HTML5.CssDefaults">
                                <Record>
                                    <PropertyValue Property="width" String="6rem"/>
                                </Record>
                            </Annotation>
                        </Record>
                        <Record Type="UI.DataField">
                            <PropertyValue Property="Value" Path="PostingDate"/>
                            <Annotation Term="UI.Importance" EnumMember="UI.ImportanceType/High"/>
                            <Annotation Term="HTML5.CssDefaults">
                                <Record>
                                    <PropertyValue Property="width" String="6rem"/>
                                </Record>
                            </Annotation>
                        </Record>
                        <Record Type="UI.DataField">
                            <PropertyValue Property="Value" Path="DocumentDate"/>
                            <Annotation Term="UI.Importance" EnumMember="UI.ImportanceType/High"/>
                            <Annotation Term="HTML5.CssDefaults">
                                <Record>
                                    <PropertyValue Property="width" String="6rem"/>
                                </Record>
                            </Annotation>
                        </Record>
                        <Record Type="UI.DataField">
                            <PropertyValue Property="Value" Path="SupplierInvoice"/>
                            <Annotation Term="UI.Importance" EnumMember="UI.ImportanceType/High"/>
                            <Annotation Term="HTML5.CssDefaults">
                                <Record>
                                    <PropertyValue Property="width" String="6rem"/>
                                </Record>
                            </Annotation>
                        </Record>
                        <Record Type="UI.DataField">
                            <PropertyValue Property="Value" Path="Amount"/>
                            <Annotation Term="UI.Importance" EnumMember="UI.ImportanceType/High"/>
                            <Annotation Term="HTML5.CssDefaults">
                                <Record>
                                    <PropertyValue Property="width" String="6rem"/>
                                </Record>
                            </Annotation>
                        </Record>
                        <Record Type="UI.DataField">
                            <PropertyValue Property="Value" Path="Supplierinvoiceuploaduuid"/>
                            <Annotation Term="UI.Importance" EnumMember="UI.ImportanceType/Medium"/>
                            <Annotation Term="HTML5.CssDefaults">
                                <Record>
                                    <PropertyValue Property="width" String="3rem"/>
                                </Record>
                            </Annotation>
                        </Record>
                        <Record Type="UI.DataField">
                            <PropertyValue Property="Value" Path="CompanyCodeName"/>
                            <Annotation Term="UI.Importance" EnumMember="UI.ImportanceType/Medium"/>
                            <Annotation Term="HTML5.CssDefaults">
                                <Record>
                                    <PropertyValue Property="width" String="6rem"/>
                                </Record>
                            </Annotation>
                        </Record>
                        <Record Type="UI.DataField">
                            <PropertyValue Property="Value" Path="Currency"/>
                            <Annotation Term="UI.Importance" EnumMember="UI.ImportanceType/Medium"/>
                            <Annotation Term="HTML5.CssDefaults">
                                <Record>
                                    <PropertyValue Property="width" String="2rem"/>
                                </Record>
                            </Annotation>
                        </Record>
                        <Record Type="UI.DataField">
                            <PropertyValue Property="Value" Path="FiscalYear"/>
                            <Annotation Term="UI.Importance" EnumMember="UI.ImportanceType/Medium"/>
                            <Annotation Term="HTML5.CssDefaults">
                                <Record>
                                    <PropertyValue Property="width" String="6rem"/>
                                </Record>
                            </Annotation>
                        </Record>
                        <Record Type="UI.DataField">
                            <PropertyValue Property="Value" Path="InvoiceStatusText"/>
                            <Annotation Term="UI.Importance" EnumMember="UI.ImportanceType/Medium"/>
                            <Annotation Term="HTML5.CssDefaults">
                                <Record>
                                    <PropertyValue Property="width" String="6rem"/>
                                </Record>
                            </Annotation>
                        </Record>
                        <Record Type="UI.DataField">
                            <PropertyValue Property="Value" Path="AccountingDocument"/>
                            <Annotation Term="UI.Importance" EnumMember="UI.ImportanceType/Medium"/>
                            <Annotation Term="HTML5.CssDefaults">
                                <Record>
                                    <PropertyValue Property="width" String="6rem"/>
                                </Record>
                            </Annotation>
                        </Record>
                        <Record Type="UI.DataField">
                            <PropertyValue Property="Value" Path="CodeSend"/>
                            <Annotation Term="UI.Importance" EnumMember="UI.ImportanceType/Low"/>
                            <Annotation Term="HTML5.CssDefaults">
                                <Record>
                                    <PropertyValue Property="width" String="6rem"/>
                                </Record>
                            </Annotation>
                        </Record>
                        <Record Type="UI.DataField">
                            <PropertyValue Property="Value" Path="Messagesend"/>
                            <Annotation Term="UI.Importance" EnumMember="UI.ImportanceType/Low"/>
                            <Annotation Term="HTML5.CssDefaults">
                                <Record>
                                    <PropertyValue Property="width" String="6rem"/>
                                </Record>
                            </Annotation>
                        </Record>
                        <Record Type="UI.DataField">
                            <PropertyValue Property="Value" Path="BusinessPartnerName"/>
                            <Annotation Term="UI.Importance" EnumMember="UI.ImportanceType/Medium"/>
                            <Annotation Term="HTML5.CssDefaults">
                                <Record>
                                    <PropertyValue Property="width" String="6rem"/>
                                </Record>
                            </Annotation>
                        </Record>
                        <Record Type="UI.DataField">
                            <PropertyValue Property="Value" Path="CreatedBy"/>
                            <Annotation Term="UI.Importance" EnumMember="UI.ImportanceType/Medium"/>
                            <Annotation Term="HTML5.CssDefaults">
                                <Record>
                                    <PropertyValue Property="width" String="6rem"/>
                                </Record>
                            </Annotation>
                        </Record>
                        <Record Type="UI.DataField">
                            <PropertyValue Property="Value" Path="IndMe"/>
                            <Annotation Term="UI.Importance" EnumMember="UI.ImportanceType/Medium"/>
                            <Annotation Term="HTML5.CssDefaults">
                                <Record>
                                    <PropertyValue Property="width" String="6rem"/>
                                </Record>
                            </Annotation>
                        </Record>
                    </Collection>
                </Annotation>
            </Annotations>
            <Annotations Target="cds_zui_rap_invoicelist_sd.LogInvoiceMainType/CompanyCodeName">
                <Annotation Term="UI.HiddenFilter"/>
            </Annotations>
            <Annotations Target="cds_zui_rap_invoicelist_sd.LogInvoiceMainType/BusinessPartnerName">
                <Annotation Term="UI.HiddenFilter"/>
            </Annotations>
            <Annotations Target="cds_zui_rap_invoicelist_sd.LogInvoiceMainType/sessionInput">
                <Annotation Term="UI.Hidden"/>
            </Annotations>
            <Annotations Target="cds_zui_rap_invoicelist_sd.LogInvoiceMainType">
                <Annotation Term="UI.Identification">
                    <Collection>
                        <Record Type="UI.DataField">
                            <PropertyValue Property="Value" Path="Supplierinvoiceuploaduuid"/>
                        </Record>
                        <Record Type="UI.DataField">
                            <PropertyValue Property="Value" Path="IdExcel"/>
                        </Record>
                        <Record Type="UI.DataField">
                            <PropertyValue Property="Value" Path="CompanyCodeName"/>
                        </Record>
                        <Record Type="UI.DataField">
                            <PropertyValue Property="Value" Path="FiscalYear"/>
                        </Record>
                        <Record Type="UI.DataField">
                            <PropertyValue Property="Value" Path="InvoiceStatusText"/>
                        </Record>
                        <Record Type="UI.DataField">
                            <PropertyValue Property="Value" Path="AccountingDocument"/>
                        </Record>
                        <Record Type="UI.DataField">
                            <PropertyValue Property="Value" Path="CodeSend"/>
                        </Record>
                        <Record Type="UI.DataField">
                            <PropertyValue Property="Value" Path="Messagesend"/>
                        </Record>
                        <Record Type="UI.DataField">
                            <PropertyValue Property="Value" Path="BusinessPartnerName"/>
                        </Record>
                    </Collection>
                </Annotation>
                <Annotation Term="UI.LineItem">
                    <Collection>
                        <Record Type="UI.DataField">
                            <PropertyValue Property="Value" Path="Supplierinvoiceuploaduuid"/>
                            <Annotation Term="UI.Importance" EnumMember="UI.ImportanceType/Medium"/>
                            <Annotation Term="HTML5.CssDefaults">
                                <Record>
                                    <PropertyValue Property="width" String="3rem"/>
                                </Record>
                            </Annotation>
                        </Record>
                        <Record Type="UI.DataField">
                            <PropertyValue Property="Value" Path="CompanyCodeName"/>
                            <Annotation Term="UI.Importance" EnumMember="UI.ImportanceType/Medium"/>
                            <Annotation Term="HTML5.CssDefaults">
                                <Record>
                                    <PropertyValue Property="width" String="6rem"/>
                                </Record>
                            </Annotation>
                        </Record>
                        <Record Type="UI.DataField">
                            <PropertyValue Property="Value" Path="FiscalYear"/>
                            <Annotation Term="UI.Importance" EnumMember="UI.ImportanceType/Medium"/>
                            <Annotation Term="HTML5.CssDefaults">
                                <Record>
                                    <PropertyValue Property="width" String="6rem"/>
                                </Record>
                            </Annotation>
                        </Record>
                        <Record Type="UI.DataField">
                            <PropertyValue Property="Value" Path="InvoiceStatusText"/>
                            <Annotation Term="UI.Importance" EnumMember="UI.ImportanceType/Medium"/>
                            <Annotation Term="HTML5.CssDefaults">
                                <Record>
                                    <PropertyValue Property="width" String="6rem"/>
                                </Record>
                            </Annotation>
                        </Record>
                        <Record Type="UI.DataField">
                            <PropertyValue Property="Value" Path="AccountingDocument"/>
                            <Annotation Term="UI.Importance" EnumMember="UI.ImportanceType/Medium"/>
                            <Annotation Term="HTML5.CssDefaults">
                                <Record>
                                    <PropertyValue Property="width" String="6rem"/>
                                </Record>
                            </Annotation>
                        </Record>
                        <Record Type="UI.DataField">
                            <PropertyValue Property="Value" Path="CodeSend"/>
                            <Annotation Term="UI.Importance" EnumMember="UI.ImportanceType/Low"/>
                            <Annotation Term="HTML5.CssDefaults">
                                <Record>
                                    <PropertyValue Property="width" String="6rem"/>
                                </Record>
                            </Annotation>
                        </Record>
                        <Record Type="UI.DataField">
                            <PropertyValue Property="Value" Path="Messagesend"/>
                            <Annotation Term="UI.Importance" EnumMember="UI.ImportanceType/Low"/>
                            <Annotation Term="HTML5.CssDefaults">
                                <Record>
                                    <PropertyValue Property="width" String="6rem"/>
                                </Record>
                            </Annotation>
                        </Record>
                        <Record Type="UI.DataField">
                            <PropertyValue Property="Value" Path="BusinessPartnerName"/>
                            <Annotation Term="UI.Importance" EnumMember="UI.ImportanceType/Medium"/>
                            <Annotation Term="HTML5.CssDefaults">
                                <Record>
                                    <PropertyValue Property="width" String="6rem"/>
                                </Record>
                            </Annotation>
                        </Record>
                    </Collection>
                </Annotation>
            </Annotations>
            <Annotations Target="cds_zui_rap_invoicelist_sd.InvoiceListType/Reference">
                <Annotation Term="UI.HiddenFilter"/>
            </Annotations>
            <Annotations Target="cds_zui_rap_invoicelist_sd.InvoiceListType/InvoiceStatus">
                <Annotation Term="UI.HiddenFilter"/>
            </Annotations>
            <Annotations Target="cds_zui_rap_invoicelist_sd.InvoiceListType/CompanyCode">
                <Annotation Term="UI.HiddenFilter"/>
            </Annotations>
            <Annotations Target="cds_zui_rap_invoicelist_sd.InvoiceListType/CompanyCodeName">
                <Annotation Term="UI.HiddenFilter"/>
            </Annotations>
            <Annotations Target="cds_zui_rap_invoicelist_sd.InvoiceListType/InvoicingParty">
                <Annotation Term="UI.HiddenFilter"/>
            </Annotations>
            <Annotations Target="cds_zui_rap_invoicelist_sd.InvoiceListType/BusinessPartnerName">
                <Annotation Term="UI.HiddenFilter"/>
            </Annotations>
            <Annotations Target="cds_zui_rap_invoicelist_sd.InvoiceListType/PostingDate">
                <Annotation Term="UI.HiddenFilter"/>
            </Annotations>
            <Annotations Target="cds_zui_rap_invoicelist_sd.InvoiceListType/DocumentDate">
                <Annotation Term="UI.HiddenFilter"/>
            </Annotations>
            <Annotations Target="cds_zui_rap_invoicelist_sd.InvoiceListType/SupplierInvoice">
                <Annotation Term="UI.HiddenFilter"/>
            </Annotations>
            <Annotations Target="cds_zui_rap_invoicelist_sd.InvoiceListType/Amount">
                <Annotation Term="UI.HiddenFilter"/>
            </Annotations>
            <Annotations Target="cds_zui_rap_invoicelist_sd.InvoiceListType/Currency">
                <Annotation Term="UI.HiddenFilter"/>
            </Annotations>
            <Annotations Target="cds_zui_rap_invoicelist_sd.InvoiceListType/CreatedBy">
                <Annotation Term="UI.HiddenFilter"/>
            </Annotations>
            <Annotations Target="cds_zui_rap_invoicelist_sd.InvoiceListType/postActionOthers_ac">
                <Annotation Term="UI.Hidden"/>
            </Annotations>
            <Annotations Target="cds_zui_rap_invoicelist_sd.InvoiceListType/postActionUpload_ac">
                <Annotation Term="UI.Hidden"/>
            </Annotations>
            <Annotations Target="cds_zui_rap_invoicelist_sd.InvoiceListType/Delete_mc">
                <Annotation Term="UI.Hidden"/>
            </Annotations>
            <Annotations Target="cds_zui_rap_invoicelist_sd.InvoiceListType/Update_mc">
                <Annotation Term="UI.Hidden"/>
            </Annotations>
            <Annotations Target="cds_zui_rap_invoicelist_sd.InvoiceListType/to_ItemsList_oc">
                <Annotation Term="UI.Hidden"/>
            </Annotations>
            <Annotations Target="cds_zui_rap_invoicelist_sd.InvoiceListType">
                <Annotation Term="UI.Identification">
                    <Collection>
                        <Record Type="UI.DataField">
                            <PropertyValue Property="Value" Path="Reference"/>
                        </Record>
                        <Record Type="UI.DataField">
                            <PropertyValue Property="Value" Path="InvoiceStatus"/>
                        </Record>
                        <Record Type="UI.DataField">
                            <PropertyValue Property="Value" Path="CompanyCode"/>
                        </Record>
                        <Record Type="UI.DataField">
                            <PropertyValue Property="Value" Path="InvoicingParty"/>
                        </Record>
                        <Record Type="UI.DataField">
                            <PropertyValue Property="Value" Path="PostingDate"/>
                        </Record>
                        <Record Type="UI.DataField">
                            <PropertyValue Property="Value" Path="DocumentDate"/>
                        </Record>
                        <Record Type="UI.DataField">
                            <PropertyValue Property="Value" Path="SupplierInvoice"/>
                        </Record>
                        <Record Type="UI.DataField">
                            <PropertyValue Property="Value" Path="Amount"/>
                        </Record>
                        <Record Type="UI.DataField">
                            <PropertyValue Property="Value" Path="Supplierinvoiceuploaduuid"/>
                        </Record>
                        <Record Type="UI.DataField">
                            <PropertyValue Property="Value" Path="IdExcel"/>
                        </Record>
                        <Record Type="UI.DataField">
                            <PropertyValue Property="Value" Path="Currency"/>
                        </Record>
                        <Record Type="UI.DataField">
                            <PropertyValue Property="Value" Path="CompanyCodeName"/>
                        </Record>
                        <Record Type="UI.DataField">
                            <PropertyValue Property="Value" Path="FiscalYear"/>
                        </Record>
                        <Record Type="UI.DataField">
                            <PropertyValue Property="Value" Path="InvoiceStatusText"/>
                        </Record>
                        <Record Type="UI.DataField">
                            <PropertyValue Property="Value" Path="AccountingDocument"/>
                        </Record>
                        <Record Type="UI.DataField">
                            <PropertyValue Property="Value" Path="CodeSend"/>
                        </Record>
                        <Record Type="UI.DataField">
                            <PropertyValue Property="Value" Path="Messagesend"/>
                        </Record>
                        <Record Type="UI.DataField">
                            <PropertyValue Property="Value" Path="BusinessPartnerName"/>
                        </Record>
                        <Record Type="UI.DataField">
                            <PropertyValue Property="Value" Path="CreatedBy"/>
                        </Record>
                    </Collection>
                </Annotation>
                <Annotation Term="UI.LineItem">
                    <Collection>
                        <Record Type="UI.DataField">
                            <PropertyValue Property="Value" Path="Reference"/>
                            <Annotation Term="UI.Importance" EnumMember="UI.ImportanceType/High"/>
                            <Annotation Term="HTML5.CssDefaults">
                                <Record>
                                    <PropertyValue Property="width" String="6rem"/>
                                </Record>
                            </Annotation>
                        </Record>
                        <Record Type="UI.DataField">
                            <PropertyValue Property="Value" Path="InvoiceStatus"/>
                            <Annotation Term="UI.Importance" EnumMember="UI.ImportanceType/High"/>
                            <Annotation Term="HTML5.CssDefaults">
                                <Record>
                                    <PropertyValue Property="width" String="6rem"/>
                                </Record>
                            </Annotation>
                        </Record>
                        <Record Type="UI.DataField">
                            <PropertyValue Property="Value" Path="CompanyCode"/>
                            <Annotation Term="UI.Importance" EnumMember="UI.ImportanceType/High"/>
                            <Annotation Term="HTML5.CssDefaults">
                                <Record>
                                    <PropertyValue Property="width" String="6rem"/>
                                </Record>
                            </Annotation>
                        </Record>
                        <Record Type="UI.DataField">
                            <PropertyValue Property="Value" Path="InvoicingParty"/>
                            <Annotation Term="UI.Importance" EnumMember="UI.ImportanceType/High"/>
                            <Annotation Term="HTML5.CssDefaults">
                                <Record>
                                    <PropertyValue Property="width" String="6rem"/>
                                </Record>
                            </Annotation>
                        </Record>
                        <Record Type="UI.DataField">
                            <PropertyValue Property="Value" Path="PostingDate"/>
                            <Annotation Term="UI.Importance" EnumMember="UI.ImportanceType/High"/>
                            <Annotation Term="HTML5.CssDefaults">
                                <Record>
                                    <PropertyValue Property="width" String="6rem"/>
                                </Record>
                            </Annotation>
                        </Record>
                        <Record Type="UI.DataField">
                            <PropertyValue Property="Value" Path="DocumentDate"/>
                            <Annotation Term="UI.Importance" EnumMember="UI.ImportanceType/High"/>
                            <Annotation Term="HTML5.CssDefaults">
                                <Record>
                                    <PropertyValue Property="width" String="6rem"/>
                                </Record>
                            </Annotation>
                        </Record>
                        <Record Type="UI.DataField">
                            <PropertyValue Property="Value" Path="SupplierInvoice"/>
                            <Annotation Term="UI.Importance" EnumMember="UI.ImportanceType/High"/>
                            <Annotation Term="HTML5.CssDefaults">
                                <Record>
                                    <PropertyValue Property="width" String="6rem"/>
                                </Record>
                            </Annotation>
                        </Record>
                        <Record Type="UI.DataField">
                            <PropertyValue Property="Value" Path="Amount"/>
                            <Annotation Term="UI.Importance" EnumMember="UI.ImportanceType/High"/>
                            <Annotation Term="HTML5.CssDefaults">
                                <Record>
                                    <PropertyValue Property="width" String="6rem"/>
                                </Record>
                            </Annotation>
                        </Record>
                        <Record Type="UI.DataField">
                            <PropertyValue Property="Value" Path="Supplierinvoiceuploaduuid"/>
                            <Annotation Term="UI.Importance" EnumMember="UI.ImportanceType/Medium"/>
                            <Annotation Term="HTML5.CssDefaults">
                                <Record>
                                    <PropertyValue Property="width" String="3rem"/>
                                </Record>
                            </Annotation>
                        </Record>
                        <Record Type="UI.DataField">
                            <PropertyValue Property="Value" Path="CompanyCodeName"/>
                            <Annotation Term="UI.Importance" EnumMember="UI.ImportanceType/Medium"/>
                            <Annotation Term="HTML5.CssDefaults">
                                <Record>
                                    <PropertyValue Property="width" String="6rem"/>
                                </Record>
                            </Annotation>
                        </Record>
                        <Record Type="UI.DataField">
                            <PropertyValue Property="Value" Path="Currency"/>
                            <Annotation Term="UI.Importance" EnumMember="UI.ImportanceType/Medium"/>
                            <Annotation Term="HTML5.CssDefaults">
                                <Record>
                                    <PropertyValue Property="width" String="2rem"/>
                                </Record>
                            </Annotation>
                        </Record>
                        <Record Type="UI.DataField">
                            <PropertyValue Property="Value" Path="FiscalYear"/>
                            <Annotation Term="UI.Importance" EnumMember="UI.ImportanceType/Medium"/>
                            <Annotation Term="HTML5.CssDefaults">
                                <Record>
                                    <PropertyValue Property="width" String="6rem"/>
                                </Record>
                            </Annotation>
                        </Record>
                        <Record Type="UI.DataField">
                            <PropertyValue Property="Value" Path="InvoiceStatusText"/>
                            <Annotation Term="UI.Importance" EnumMember="UI.ImportanceType/Medium"/>
                            <Annotation Term="HTML5.CssDefaults">
                                <Record>
                                    <PropertyValue Property="width" String="6rem"/>
                                </Record>
                            </Annotation>
                        </Record>
                        <Record Type="UI.DataField">
                            <PropertyValue Property="Value" Path="AccountingDocument"/>
                            <Annotation Term="UI.Importance" EnumMember="UI.ImportanceType/Medium"/>
                            <Annotation Term="HTML5.CssDefaults">
                                <Record>
                                    <PropertyValue Property="width" String="6rem"/>
                                </Record>
                            </Annotation>
                        </Record>
                        <Record Type="UI.DataField">
                            <PropertyValue Property="Value" Path="CodeSend"/>
                            <Annotation Term="UI.Importance" EnumMember="UI.ImportanceType/Low"/>
                            <Annotation Term="HTML5.CssDefaults">
                                <Record>
                                    <PropertyValue Property="width" String="6rem"/>
                                </Record>
                            </Annotation>
                        </Record>
                        <Record Type="UI.DataField">
                            <PropertyValue Property="Value" Path="Messagesend"/>
                            <Annotation Term="UI.Importance" EnumMember="UI.ImportanceType/Low"/>
                            <Annotation Term="HTML5.CssDefaults">
                                <Record>
                                    <PropertyValue Property="width" String="6rem"/>
                                </Record>
                            </Annotation>
                        </Record>
                        <Record Type="UI.DataField">
                            <PropertyValue Property="Value" Path="BusinessPartnerName"/>
                            <Annotation Term="UI.Importance" EnumMember="UI.ImportanceType/Medium"/>
                            <Annotation Term="HTML5.CssDefaults">
                                <Record>
                                    <PropertyValue Property="width" String="6rem"/>
                                </Record>
                            </Annotation>
                        </Record>
                        <Record Type="UI.DataField">
                            <PropertyValue Property="Value" Path="CreatedBy"/>
                            <Annotation Term="UI.Importance" EnumMember="UI.ImportanceType/Medium"/>
                            <Annotation Term="HTML5.CssDefaults">
                                <Record>
                                    <PropertyValue Property="width" String="6rem"/>
                                </Record>
                            </Annotation>
                        </Record>
                    </Collection>
                </Annotation>
            </Annotations>
            <Annotations Target="cds_zui_rap_invoicelist_sd.ItemsListType/Delete_mc">
                <Annotation Term="UI.Hidden"/>
            </Annotations>
            <Annotations Target="cds_zui_rap_invoicelist_sd.ItemsListType/Update_mc">
                <Annotation Term="UI.Hidden"/>
            </Annotations>
            <Annotations Target="cds_zui_rap_invoicelist_sd.ActionInvoiceType/Delete_mc">
                <Annotation Term="UI.Hidden"/>
            </Annotations>
            <Annotations Target="cds_zui_rap_invoicelist_sd.ActionInvoiceType/Update_mc">
                <Annotation Term="UI.Hidden"/>
            </Annotations>
            <Annotations Target="_Entities"/>
        </Schema>
    </edmx:DataServices>
</edmx:Edmx>