{
 "DetailList": 
 [  
    {
        "Supplierinvoiceuploaduuid":"",
        "Item":"",
        "IdExcel":"",
        "CompanyCode":"",
        "InvoicingParty":"",
        "Reference":"",
        "InvoiceStatus":"",
        "PostingDate":"",
        "DocumentDate":"",
        "FlagFin":"",
        "uuidAuxUpload":"",

        "ClsDoc" : "",
        "IndMe" : "",
        "Waers" : "",
        "ImportProv" : "",
        "RetIue" : "",
        "RetIt" : "",
        "Asignacion" : "",
        "TxtHeader" : "",
        "ReferPago" : "",
        "FechaBase" : "",
        "Dias" : "",
        "Nombre1" : "",
        "Nombre2" : "",
        "NitCi" : "",
        "Poblacion" : "",
        "TxtPosProv" : "",
        "Bloq" : "",
        "Vp" : "",
        "BancoPropio" : "",
        "IdCuenta" : "",
        "CtaAlternativa" : "",
        "MotivoPago" : "",
        "ClaveRef1" : "",
        "ClaveRef2" : "",
        "ClaveRef3" : "",
        "LugarComercial" : "",
        "BukrsPos" : "",
        "CtaPos" : "",
        "TxtCtaMayorPos" : "",
        "IndicadorDhPos" : "",
        "ImporteCtaMayorPos" : "",
        "IndIvaPos" : "",
        "AsigCmPos" : "",
        "CentroCostePos" : "",
        "CentroBenefPos" : "",
        "ClaveRef1Pos" : "",
        "ClaveRef2Pos" : "",
        "ClaveRef3Pos" : "",
        "OrdenPos" : "",
        "ElementPepPos" : "",
        "AreaFuncionPos" : "",
        "FondoPos" : "",
        "SubvencionPos" : ""
    }
]
}